{"cameraMode":{"drawMode":0,"name":"Shaded","section":"Shading Mode"},"sceneLighting":false,"audioPlay":false,"sceneViewState":{"m_AlwaysRefresh":false,"showFog":true,"showSkybox":false,"showFlares":true,"showImageEffects":true,"showParticleSystems":true,"showVisualEffectGraphs":true,"m_FxEnabled":true},"in2DMode":false,"pivot":{"x":-0.17414860427379609,"y":0.7587246894836426,"z":-0.37704455852508547},"rotation":{"x":-0.013631653040647507,"y":0.9860272407531738,"z":-0.12972265481948853,"w":-0.10361500084400177},"size":1.0428720712661744,"orthographic":false}